      "generator" : "TYPO3 4.5 CMS",
      "generator" : "TYPO3 4.7 CMS",
      "generator" : "TYPO3 4.5 CMS",
      "generator" : "TYPO3 CMS",
      "generator" : "Unbekannt",
      "generator" : "TYPO3 4.5 CMS",
      "generator" : "TYPO3 CMS",
      "generator" : "TYPO3 CMS",
      "generator" : "ZMS http://www.zms-publishing.com",
      "generator" : "TYPO3 CMS",
      "generator" : "TYPO3 CMS",
      "generator" : "TYPO3 CMS",
      "generator" : "IMPERIA 9.2.11",
      "generator" : "TYPO3 CMS",
      "generator" : "Microsoft SharePoint",
      "generator" : "TYPO3 CMS",
      "generator" : "Microsoft SharePoint",
      "generator" : "TYPO3 CMS",
      "generator" : "TYPO3 CMS",
      "generator" : "Unbekannt",
      "generator" : "TYPO3 CMS",
      "generator" : "TYPO3 CMS",
      "generator" : "TYPO3",
      "generator" : "TYPO3 CMS",
      "generator" : "TYPO3 CMS",
      "generator" : "Unbekannt"
      "generator" : "TYPO3 CMS",
      "generator" : "TYPO3 4.5 CMS",
      "generator" : "TYPO3",
      "generator" : "TYPO3 CMS",
      "generator" : "Unbekannt",
      "generator" : "Unbekannt",
      "generator" : "TYPO3 CMS",
      "generator" : "Drupal 7 (http://drupal.org)",
      "generator" : "TYPO3 CMS",
      "generator" : "TYPO3 6.2 CMS",
      "generator" : "Unbekannt",
      "generator" : "TYPO3 CMS",
      "generator" : "Unbekannt",
      "generator" : "WordPress 4.5.4",
      "generator" : "Unbekannt"
      "generator" : "Powered by Visual Composer - drag and drop page builder for WordPress.",
      "generator" : "TYPO3 CMS",
      "generator" : "TYPO3 CMS 6.2",
      "generator" : "Plone - http://plone.org",
      "generator" : "TYPO3",
      "generator" : "TYPO3 4.5 CMS",
      "generator" : "Unbekannt",
      "generator" : "TYPO3 4.6 CMS",
      "generator" : "TYPO3 4.5 CMS"
      "generator" : "TYPO3 4.7 CMS",
      "generator" : "TYPO3 4.5 CMS",
      "generator" : "TYPO3 4.5 CMS",
      "generator" : "Joomla! - Open Source Content Management",
      "generator" : "Unbekannt",
      "generator" : "KEA Application Version 1.0",
      "generator" : "TYPO3 4.5 CMS",
      "generator" : "TYPO3 4.5 CMS",
      "generator" : "TYPO3 4.7 CMS",
      "generator" : "Unbekannt",
      "generator" : "TYPO3 4.7 CMS",
      "generator" : "Unbekannt",
      "generator" : "TYPO3 4.5 CMS",
      "generator" : "Unbekannt"
      "generator" : "Plone - http://plone.org",
      "generator" : "TYPO3 CMS",
      "generator" : "IMPERIA 8.6.34",
      "generator" : "TYPO3 CMS",
      "generator" : "TYPO3 4.7 CMS",
      "generator" : "TYPO3 CMS",
      "generator" : "Unbekannt",
      "generator" : "TYPO3 CMS",
      "generator" : "Unbekannt",
      "generator" : "TYPO3 4.7 CMS",
      "generator" : "TYPO3 4.3 CMS",
      "generator" : "Plone - http://plone.org",
      "generator" : "Infopark CMS Fiona; 6.9.0; 53616c7465645f5fb14a315e7e8b33048d3c428086aedb09",
      "generator" : "TYPO3 CMS",
      "generator" : "Unbekannt",
      "generator" : "Rails Connector for Infopark CMS Fiona by Infopark AG (www.infopark.de); Version 6.8.1.26.236500544",
      "generator" : "WeblicationÂ® CMS",
      "generator" : "TYPO3 CMS",
      "generator" : "TYPO3 CMS",
      "generator" : "TYPO3 4.5 CMS",
      "generator" : "TYPO3 CMS",
      "generator" : "TYPO3 CMS",
      "generator" : "Unbekannt"
      "generator" : "TYPO3 CMS",
      "generator" : "Unbekannt"
      "generator" : "TYPO3 CMS",
      "generator" : "TYPO3 CMS",
      "generator" : "TYPO3 4.5 CMS",
      "generator" : "Unbekannt",
      "generator" : "TYPO3 4.7 CMS",
      "generator" : "Unbekannt",
      "generator" : "TYPO3 4.7 CMS",
      "generator" : "Contao Open Source CMS",
      "generator" : "TYPO3 CMS",
      "generator" : "TYPO3 4.5 CMS",
      "generator" : "Unbekannt",
      "generator" : "TYPO3 CMS",
      "generator" : "IMPERIA 8.6.34",
      "generator" : "MYOB",
      "generator" : "Plone - http://plone.org",
      "generator" : "Unbekannt",
      "generator" : "TYPO3 CMS",
      "generator" : "TYPO3 CMS",
      "generator" : "Unbekannt",
      "generator" : "EBS UniversitÃ¤t fÃ¼r Wirtschaft und Recht",
      "generator" : "Unbekannt"
      "generator" : "Unbekannt"
      "generator" : "TYPO3 CMS",
      "generator" : "Contao Open Source CMS"
      "generator" : "Unbekannt",
      "generator" : "TYPO3 CMS",
      "generator" : "TYPO3 CMS",
      "generator" : "Plone - http://plone.org",
      "generator" : "TYPO3 CMS",
      "generator" : "TYPO3 CMS",
      "generator" : "Unbekannt",
      "generator" : "TYPO3 CMS"
      "generator" : "Unbekannt",
      "generator" : "TYPO3 CMS",
      "generator" : "TYPO3 6.1 CMS",
      "generator" : "WordPress",
      "generator" : "Unbekannt",
      "generator" : "TYPO3 CMS"
      "generator" : "Unbekannt",
      "generator" : "TYPO3 6.1 CMS",
      "generator" : "Unbekannt",
      "generator" : "TYPO3 6.1 CMS",
      "generator" : "TYPO3 4.5 CMS",
      "generator" : "TYPO3 CMS",
      "generator" : "Unbekannt",
      "generator" : "TYPO3 CMS",
      "generator" : "TYPO3 4.5 CMS",
      "generator" : "WordPress 4.5.3",
      "generator" : "Unbekannt",
      "generator" : "Unbekannt",
      "generator" : "Joomla! - Open Source Content Management",
      "generator" : "TYPO3 4.2 CMS",
      "generator" : "IMPERIA 9.2.6",
      "generator" : "Drupal 7 (http://drupal.org)",
      "generator" : "Unbekannt",
      "generator" : "Unbekannt",
      "generator" : "WordPress 4.5.3",
      "generator" : "Unbekannt",
      "generator" : "TYPO3 CMS",
      "generator" : "TYPO3 6.1 CMS",
      "generator" : "TYPO3"
      "generator" : "TYPO3 4.5 CMS",
      "generator" : "TYPO3 CMS",
      "generator" : "Infopark CMS Fiona; 6.8.0; 53616c7465645f5fb14a315e7e8b33048d3c428086aedb09",
      "generator" : "TYPO3 CMS",
      "generator" : "Contao Open Source CMS",
      "generator" : "TYPO3 CMS"
      "generator" : "icoya OpenContent",
      "generator" : "TYPO3 CMS",
      "generator" : "IMPERIA 8.6.0.26",
      "generator" : "TYPO3 CMS",
      "generator" : "Unbekannt"
      "generator" : "TYPO3 4.7 CMS",
      "generator" : "WordPress",
      "generator" : "MaGIC - Das Web-Content-Management-System der Martin-Luther-Universität Halle-Wittenberg (www.wcms.uni-halle.de)",
      "generator" : "Unbekannt",
      "generator" : "TYPO3 4.7 CMS",
      "generator" : "TYPO3 4.6 CMS",
      "generator" : "TYPO3 CMS",
      "generator" : "Rails Connector for Infopark CMS Fiona by Infopark AG (www.infopark.de)",
      "generator" : "TYPO3 4.1 CMS",
      "generator" : "TYPO3 6.2 CMS",
      "generator" : "TYPO3 CMS",
      "generator" : "TYPO3 CMS"
      "generator" : "TYPO3 CMS",
      "generator" : "TYPO3 CMS",
      "generator" : "Unbekannt",
      "generator" : "TYPO3 CMS"
      "generator" : "TYPO3 CMS",
      "generator" : "TYPO3 CMS",
      "generator" : "Unbekannt",
      "generator" : "WebBox 1.5.2.20160202",
      "generator" : "Unbekannt",
      "generator" : "Unbekannt",
      "generator" : "Unbekannt",
      "generator" : "TYPO3 4.5 CMS",
      "generator" : "TYPO3 CMS",
      "generator" : "TYPO3 CMS",
      "generator" : "TYPO3 CMS",
      "generator" : "TYPO3 4.7 CMS",
      "generator" : "TYPO3 CMS",
      "generator" : "TYPO3 CMS"
      "generator" : "Unbekannt",
      "generator" : "TYPO3 CMS",
      "generator" : "TYPO3 4.5 CMS",
      "generator" : "IMPERIA 9.1.14"
      "generator" : "Unbekannt",
      "generator" : "TYPO3"
      "generator" : "TYPO3 CMS",
      "generator" : "TYPO3 CMS",
      "generator" : "TYPO3 CMS",
      "generator" : "TYPO3 CMS"
      "generator" : "TYPO3 4.5 CMS",
      "generator" : "WordPress 4.5.4"
      "generator" : "Unbekannt",
      "generator" : "Unbekannt",
      "generator" : "TYPO3 CMS",
      "generator" : "TYPO3 4.5 CMS",
      "generator" : "TYPO3 4.5 CMS",
      "generator" : "Drupal 7 (http://drupal.org)",
      "generator" : "Total WordPress Theme 3.5.2",
      "generator" : "Joomla! - Open Source Content Management"
      "generator" : "Unbekannt",
      "generator" : "TYPO3 CMS"
      "generator" : "TYPO3 4.5 CMS",
      "generator" : "TYPO3 CMS",
      "generator" : "TYPO3 6.1 CMS",
      "generator" : "Unbekannt",
      "generator" : "Unbekannt"
      "generator" : "TYPO3 CMS",
      "generator" : "UniMR CMS (Plone - http://plone.org)",
      "generator" : "TYPO3",
      "generator" : "TYPO3 CMS",
      "generator" : "TYPO3 CMS",
      "generator" : "TYPO3 CMS",
      "generator" : "TYPO3 CMS",
      "generator" : "TYPO3 CMS",
      "generator" : "TYPO3 6.2 CMS",
      "generator" : "Unbekannt",
      "generator" : "TYPO3 CMS",
      "generator" : "TYPO3 4.5 CMS",
      "generator" : "Unbekannt",
      "generator" : "TYPO3 CMS",
      "generator" : "Unbekannt"
      "generator" : "Unbekannt",
      "generator" : "Infopark CMS Fiona; 7.0.1; 53616c7465645f5fb14a315e7e8b33048d3c428086aedb09",
      "generator" : "Unbekannt",
      "generator" : "TYPO3 4.4 CMS",
      "generator" : "Unbekannt",
      "generator" : "Unbekannt",
      "generator" : "TYPO3 CMS",
      "generator" : "Unbekannt",
      "generator" : "IMPERIA 8.6.34",
      "generator" : "Infopark CMS Fiona; 7.0.1; 53616c7465645f5fb14a315e7e8b33048d3c428086aedb09",
      "generator" : "TYPO3 CMS"
      "generator" : "TYPO3 CMS",
      "generator" : "EGOTEC 14.2.0.1 65673/www.EGOTEC.com",
      "generator" : "Unbekannt",
      "generator" : "Drupal 7 (http://drupal.org)",
      "generator" : "Drupal 8 (https://www.drupal.org)",
      "generator" : "Unbekannt",
      "generator" : "Cabacos CMS (Version 5.5.2388) - http://www.cabacos-cms.de",
      "generator" : "Unbekannt",
      "generator" : "Kryn.cms ",
      "generator" : "Unbekannt",
      "generator" : "TYPO3 CMS",
      "generator" : "TYPO3 CMS"
      "generator" : "TYPO3 4.5 CMS",
      "generator" : "Unbekannt",
      "generator" : "Unbekannt"
      "generator" : "Unbekannt",
      "generator" : "TYPO3 CMS",
      "generator" : "Unbekannt",
      "generator" : "TYPO3 CMS",
      "generator" : "Infopark CMS Fiona; 7.0.1; 53616c7465645f5fb14a315e7e8b33048d3c428086aedb09",
      "generator" : "ECMS ionas3",
      "generator" : "TYPO3 CMS",
      "generator" : "TYPO3 4.5 CMS",
      "generator" : "Unbekannt",
      "generator" : "TYPO3 CMS",
      "generator" : "Plone - http://plone.com",
      "generator" : "Dreamweaver"
      "generator" : "TYPO3 CMS",
      "generator" : "Plone - http://plone.org",
      "generator" : "TYPO3 4.5 CMS",
      "generator" : "TYPO3 CMS",
      "generator" : "Infopark CMS Fiona; 6.9.0; 53616c7465645f5fb14a315e7e8b33048d3c428086aedb09"
      "generator" : "TYPO3 CMS",
      "generator" : "TYPO3 CMS",
      "generator" : "Unbekannt",
      "generator" : "Plone - http://plone.org",
      "generator" : "TYPO3 CMS"
      "generator" : "TYPO3 CMS",
      "generator" : "TYPO3 4.5 CMS",
      "generator" : "TYPO3 4.5 CMS",
      "generator" : "TYPO3 CMS",
      "generator" : "TYPO3 4.5 CMS",
      "generator" : "TYPO3 4.7 CMS",
      "generator" : "FirstSpirit 5.2.422.73933",
      "generator" : "Unbekannt",
      "generator" : "TYPO3 CMS",
      "generator" : "WordPress 4.3.6",
      "generator" : "TYPO3 4.5 CMS",
      "generator" : "TYPO3 CMS",
      "generator" : "TYPO3 CMS",
      "generator" : "TYPO3 6.2 CMS",
      "generator" : "Unbekannt",
      "generator" : "TYPO3 4.7 CMS",
      "generator" : "TYPO3 CMS",
      "generator" : "Drupal 7 (http://drupal.org)",
      "generator" : "TYPO3 6.2 CMS"
      "generator" : "Unbekannt",
      "generator" : "Unbekannt"
      "generator" : "TYPO3 4.5 CMS",
      "generator" : "TYPO3 CMS",
      "generator" : "TYPO3 CMS",
      "generator" : "TYPO3"
      "generator" : "TYPO3 CMS"
      "generator" : "IMPERIA 8.6.34",
      "generator" : "Unbekannt",
      "generator" : "TYPO3 4.5 CMS",
      "generator" : "Unbekannt",
      "generator" : "TYPO3 CMS",
      "generator" : "Unbekannt",
      "generator" : "TYPO3 CMS"
      "generator" : "Unbekannt",
      "generator" : "IMPERIA 9.2.11",
      "generator" : "NavID 208/1 - generated by Framula 4.9",
      "generator" : "TYPO3 CMS",
      "generator" : "TYPO3 CMS",
      "generator" : "Unbekannt",
      "generator" : "Unbekannt",
      "generator" : "Unbekannt"
      "generator" : "TYPO3 CMS",
      "generator" : "Unbekannt",
      "generator" : "TYPO3 4.5 CMS",
      "generator" : "TYPO3 4.7 CMS"
      "generator" : "Unbekannt",
      "generator" : "Unbekannt",
      "generator" : "TYPO3 CMS",
      "generator" : "Unbekannt",
      "generator" : "Plone - http://plone.org",
      "generator" : "TYPO3 CMS",
      "generator" : "TYPO3 4.7 CMS",
      "generator" : "TYPO3 CMS",
      "generator" : "TYPO3 CMS"
      "generator" : "Unbekannt"
      "generator" : "Unbekannt",
      "generator" : "TYPO3 4.5 CMS",
      "generator" : "Unbekannt",
      "generator" : "Unbekannt",
      "generator" : "Unbekannt",
      "generator" : "TYPO3 CMS",
      "generator" : "TYPO3 4.5 CMS",
      "generator" : "TYPO3 4.5 CMS",
      "generator" : "TYPO3 4.5 CMS",
      "generator" : "WordPress 4.6"
      "generator" : "TYPO3 4.2 CMS",
      "generator" : "TYPO3 CMS 6.2",
      "generator" : "Unbekannt",
      "generator" : "Göttinger Content Management System (GCMS)"
      "generator" : "webVanilla",
      "generator" : "TYPO3 4.5 CMS",
      "generator" : "TYPO3 CMS",
      "generator" : "TYPO3 CMS",
      "generator" : "TYPO3 4.5 CMS",
      "generator" : "Unbekannt",
      "generator" : "TYPO3 4.5 CMS",
      "generator" : "Unbekannt"
      "generator" : "TYPO3 4.5 CMS",
      "generator" : "TYPO3",
      "generator" : "Drupal 7 (http://drupal.org)",
      "generator" : "Unbekannt",
      "generator" : "TYPO3 CMS",
      "generator" : "TYPO3 CMS",
      "generator" : "TYPO3 CMS",
      "generator" : "TYPO3 CMS",
      "generator" : "TYPO3 4.7 CMS",
      "generator" : "TYPO3 CMS",
      "generator" : "TYPO3 4.0 CMS",
      "generator" : "TYPO3 CMS",
      "generator" : "TYPO3",
      "generator" : "TYPO3 CMS",
      "generator" : "Infopark CMS Fiona; 6.10.2; 53616c7465645f5fb14a315e7e8b33048d3c428086aedb09",
      "generator" : "Rails Connector for Infopark CMS Fiona by Infopark AG (www.infopark.de)",
      "generator" : "Unbekannt",
      "generator" : "TYPO3 CMS"
      "generator" : "TYPO3 CMS",
      "generator" : "TYPO3 CMS",
      "generator" : "Unbekannt",
      "generator" : "Microsoft SharePoint",
      "generator" : "Unbekannt",
      "generator" : "TYPO3 CMS 6.2",
      "generator" : "Unbekannt",
      "generator" : "Unbekannt",
      "generator" : "TYPO3 6.2 CMS",
      "generator" : "TYPO3 CMS",
      "generator" : "Unbekannt",
      "generator" : "Unbekannt"
      "generator" : "TYPO3 CMS",
      "generator" : "Unbekannt",
      "generator" : "Unbekannt",
      "generator" : "Unbekannt",
      "generator" : "TYPO3 CMS",
      "generator" : "TYPO3",
      "generator" : "IMPERIA 8.6.34",
      "generator" : "TYPO3 4.5 CMS",
      "generator" : "LARISSA Smart Content Management",
      "generator" : "TYPO3 CMS",
      "generator" : "TYPO3 CMS",
      "generator" : "TYPO3 4.7 CMS",
      "generator" : "TYPO3 CMS",
      "generator" : "TYPO3 CMS",
      "generator" : "Unbekannt",
      "generator" : "Unbekannt",
      "generator" : "TYPO3 CMS",
      "generator" : "TYPO3 CMS",
      "generator" : "TYPO3 4.5 CMS",
      "generator" : "TYPO3",
      "generator" : "TYPO3 CMS",
